timestamp,view_count,like_count,comment_count,title
2026-07-15 18:00:00,0,0,0,국민연금 '리밸런싱' 이대로 괜찮나? 이사장 본인 등판
2026-07-16 10:15:05,47252,736,299,국민연금 '리밸런싱' 이대로 괜찮나? 이사장 본인 등판
2026-07-16 10:40:18,47599,740,300,국민연금 '리밸런싱' 이대로 괜찮나? 이사장 본인 등판
2026-07-16 10:47:45,47689,744,301,국민연금 '리밸런싱' 이대로 괜찮나? 이사장 본인 등판
2026-07-16 12:43:43,48969,755,307,국민연금 '리밸런싱' 이대로 괜찮나? 이사장 본인 등판
2026-07-16 12:54:25,49101,756,307,국민연금 '리밸런싱' 이대로 괜찮나? 이사장 본인 등판
2026-07-16 14:40:16,50054,763,314,국민연금 '리밸런싱' 이대로 괜찮나? 이사장 본인 등판
2026-07-16 15:07:31,50227,765,317,국민연금 '리밸런싱' 이대로 괜찮나? 이사장 본인 등판
2026-07-16 17:29:16,51301,778,326,국민연금 '리밸런싱' 이대로 괜찮나? 이사장 본인 등판
2026-07-16 19:26:13,52288,796,338,국민연금 '리밸런싱' 이대로 괜찮나? 이사장 본인 등판
2026-07-16 20:57:19,53115,801,344,국민연금 '리밸런싱' 이대로 괜찮나? 이사장 본인 등판
2026-07-16 22:38:33,54000,809,346,국민연금 '리밸런싱' 이대로 괜찮나? 이사장 본인 등판
2026-07-17 00:19:11,54807,813,349,국민연금 '리밸런싱' 이대로 괜찮나? 이사장 본인 등판
2026-07-17 01:44:02,55541,820,347,국민연금 '리밸런싱' 이대로 괜찮나? 이사장 본인 등판
2026-07-17 02:51:23,55822,820,348,국민연금 '리밸런싱' 이대로 괜찮나? 이사장 본인 등판
2026-07-17 03:49:34,55943,822,348,국민연금 '리밸런싱' 이대로 괜찮나? 이사장 본인 등판
2026-07-17 04:49:04,56059,824,348,국민연금 '리밸런싱' 이대로 괜찮나? 이사장 본인 등판
2026-07-17 05:36:33,56128,825,348,국민연금 '리밸런싱' 이대로 괜찮나? 이사장 본인 등판
2026-07-17 06:40:08,56218,828,348,국민연금 '리밸런싱' 이대로 괜찮나? 이사장 본인 등판
2026-07-17 07:35:07,56028,830,349,국민연금 '리밸런싱' 이대로 괜찮나? 이사장 본인 등판
2026-07-17 08:30:28,56113,834,350,국민연금 '리밸런싱' 이대로 괜찮나? 이사장 본인 등판
2026-07-17 10:02:05,56352,840,353,국민연금 '리밸런싱' 이대로 괜찮나? 이사장 본인 등판
2026-07-17 13:13:47,57018,846,355,국민연금 '리밸런싱' 이대로 괜찮나? 이사장 본인 등판
2026-07-17 15:26:53,57423,850,356,국민연금 '리밸런싱' 이대로 괜찮나? 이사장 본인 등판
2026-07-17 17:32:39,57793,860,358,국민연금 '리밸런싱' 이대로 괜찮나? 이사장 본인 등판
2026-07-17 19:20:12,58169,862,362,국민연금 '리밸런싱' 이대로 괜찮나? 이사장 본인 등판
2026-07-17 20:44:01,58355,865,362,국민연금 '리밸런싱' 이대로 괜찮나? 이사장 본인 등판
2026-07-17 21:47:22,58494,865,362,국민연금 '리밸런싱' 이대로 괜찮나? 이사장 본인 등판
2026-07-17 23:18:16,58648,865,361,국민연금 '리밸런싱' 이대로 괜찮나? 이사장 본인 등판
2026-07-18 00:45:27,58735,866,363,국민연금 '리밸런싱' 이대로 괜찮나? 이사장 본인 등판
2026-07-18 01:47:55,58797,866,363,국민연금 '리밸런싱' 이대로 괜찮나? 이사장 본인 등판
2026-07-18 02:48:06,58803,867,363,국민연금 '리밸런싱' 이대로 괜찮나? 이사장 본인 등판
2026-07-18 03:42:17,58847,867,364,국민연금 '리밸런싱' 이대로 괜찮나? 이사장 본인 등판
2026-07-18 04:46:06,58878,868,364,국민연금 '리밸런싱' 이대로 괜찮나? 이사장 본인 등판
2026-07-18 05:35:04,58899,869,365,국민연금 '리밸런싱' 이대로 괜찮나? 이사장 본인 등판
2026-07-18 06:25:25,58919,869,365,국민연금 '리밸런싱' 이대로 괜찮나? 이사장 본인 등판
2026-07-18 07:10:55,58938,870,365,국민연금 '리밸런싱' 이대로 괜찮나? 이사장 본인 등판
2026-07-18 08:05:27,58972,870,365,국민연금 '리밸런싱' 이대로 괜찮나? 이사장 본인 등판
2026-07-18 09:01:11,59017,870,365,국민연금 '리밸런싱' 이대로 괜찮나? 이사장 본인 등판
2026-07-18 11:52:06,59189,874,367,국민연금 '리밸런싱' 이대로 괜찮나? 이사장 본인 등판
2026-07-18 14:12:58,59344,878,369,국민연금 '리밸런싱' 이대로 괜찮나? 이사장 본인 등판
2026-07-18 16:07:20,59448,881,368,국민연금 '리밸런싱' 이대로 괜찮나? 이사장 본인 등판
2026-07-18 17:56:15,59536,884,368,국민연금 '리밸런싱' 이대로 괜찮나? 이사장 본인 등판
2026-07-18 19:11:15,59595,887,368,국민연금 '리밸런싱' 이대로 괜찮나? 이사장 본인 등판
2026-07-18 20:17:21,59659,888,368,국민연금 '리밸런싱' 이대로 괜찮나? 이사장 본인 등판
2026-07-18 21:06:38,59713,888,369,국민연금 '리밸런싱' 이대로 괜찮나? 이사장 본인 등판
2026-07-18 22:42:38,59791,888,369,국민연금 '리밸런싱' 이대로 괜찮나? 이사장 본인 등판
2026-07-18 23:38:12,59779,888,369,국민연금 '리밸런싱' 이대로 괜찮나? 이사장 본인 등판
2026-07-19 00:33:35,59858,888,369,국민연금 '리밸런싱' 이대로 괜찮나? 이사장 본인 등판
2026-07-19 01:29:40,59879,888,369,국민연금 '리밸런싱' 이대로 괜찮나? 이사장 본인 등판
2026-07-19 02:30:25,59903,888,369,국민연금 '리밸런싱' 이대로 괜찮나? 이사장 본인 등판
2026-07-19 03:27:56,59918,889,369,국민연금 '리밸런싱' 이대로 괜찮나? 이사장 본인 등판
2026-07-19 04:40:20,59934,889,369,국민연금 '리밸런싱' 이대로 괜찮나? 이사장 본인 등판
2026-07-19 05:26:22,59946,889,370,국민연금 '리밸런싱' 이대로 괜찮나? 이사장 본인 등판
2026-07-19 06:10:37,59952,890,370,국민연금 '리밸런싱' 이대로 괜찮나? 이사장 본인 등판
2026-07-19 07:04:34,59952,890,370,국민연금 '리밸런싱' 이대로 괜찮나? 이사장 본인 등판
2026-07-19 08:00:12,59973,890,370,국민연금 '리밸런싱' 이대로 괜찮나? 이사장 본인 등판
2026-07-19 08:55:32,59973,890,370,국민연금 '리밸런싱' 이대로 괜찮나? 이사장 본인 등판
2026-07-19 10:42:24,59973,890,370,국민연금 '리밸런싱' 이대로 괜찮나? 이사장 본인 등판
2026-07-19 13:54:13,60136,891,371,국민연금 '리밸런싱' 이대로 괜찮나? 이사장 본인 등판
2026-07-19 16:18:20,60209,893,374,국민연금 '리밸런싱' 이대로 괜찮나? 이사장 본인 등판
2026-07-19 18:19:13,60209,893,374,국민연금 '리밸런싱' 이대로 괜찮나? 이사장 본인 등판
2026-07-19 19:46:09,60343,894,374,국민연금 '리밸런싱' 이대로 괜찮나? 이사장 본인 등판
2026-07-19 20:43:12,60343,894,374,국민연금 '리밸런싱' 이대로 괜찮나? 이사장 본인 등판
2026-07-19 21:35:44,60343,894,374,국민연금 '리밸런싱' 이대로 괜찮나? 이사장 본인 등판
2026-07-19 23:07:17,60448,894,374,국민연금 '리밸런싱' 이대로 괜찮나? 이사장 본인 등판
2026-07-20 00:09:18,60475,894,374,국민연금 '리밸런싱' 이대로 괜찮나? 이사장 본인 등판
2026-07-20 01:07:04,60504,895,374,국민연금 '리밸런싱' 이대로 괜찮나? 이사장 본인 등판
2026-07-20 02:11:05,60539,895,374,국민연금 '리밸런싱' 이대로 괜찮나? 이사장 본인 등판
2026-07-20 03:06:04,60547,895,374,국민연금 '리밸런싱' 이대로 괜찮나? 이사장 본인 등판
2026-07-20 04:20:55,60566,895,374,국민연금 '리밸런싱' 이대로 괜찮나? 이사장 본인 등판
2026-07-20 05:12:39,60547,895,374,국민연금 '리밸런싱' 이대로 괜찮나? 이사장 본인 등판
2026-07-20 06:06:02,60566,895,374,국민연금 '리밸런싱' 이대로 괜찮나? 이사장 본인 등판
2026-07-20 07:03:10,60598,895,374,국민연금 '리밸런싱' 이대로 괜찮나? 이사장 본인 등판
2026-07-20 08:01:59,60598,895,374,국민연금 '리밸런싱' 이대로 괜찮나? 이사장 본인 등판
2026-07-20 09:00:43,60598,895,374,국민연금 '리밸런싱' 이대로 괜찮나? 이사장 본인 등판
2026-07-20 12:31:28,60643,895,374,국민연금 '리밸런싱' 이대로 괜찮나? 이사장 본인 등판
2026-07-20 15:33:17,60749,898,375,국민연금 '리밸런싱' 이대로 괜찮나? 이사장 본인 등판
2026-07-20 18:42:52,60826,898,375,국민연금 '리밸런싱' 이대로 괜찮나? 이사장 본인 등판
2026-07-20 21:02:59,60850,899,375,국민연금 '리밸런싱' 이대로 괜찮나? 이사장 본인 등판
2026-07-20 23:26:15,60907,899,375,국민연금 '리밸런싱' 이대로 괜찮나? 이사장 본인 등판
2026-07-21 01:06:45,60907,899,375,국민연금 '리밸런싱' 이대로 괜찮나? 이사장 본인 등판
2026-07-21 03:13:10,60968,899,375,국민연금 '리밸런싱' 이대로 괜찮나? 이사장 본인 등판
2026-07-21 04:55:10,60967,899,375,국민연금 '리밸런싱' 이대로 괜찮나? 이사장 본인 등판
2026-07-21 05:58:55,60995,899,375,국민연금 '리밸런싱' 이대로 괜찮나? 이사장 본인 등판
2026-07-21 06:58:32,60995,899,375,국민연금 '리밸런싱' 이대로 괜찮나? 이사장 본인 등판
2026-07-21 07:58:07,60995,899,375,국민연금 '리밸런싱' 이대로 괜찮나? 이사장 본인 등판
2026-07-21 08:54:30,61019,899,375,국민연금 '리밸런싱' 이대로 괜찮나? 이사장 본인 등판
2026-07-21 10:15:53,61025,899,375,국민연금 '리밸런싱' 이대로 괜찮나? 이사장 본인 등판
2026-07-21 13:32:57,61048,899,375,국민연금 '리밸런싱' 이대로 괜찮나? 이사장 본인 등판
2026-07-21 16:13:29,61088,899,375,국민연금 '리밸런싱' 이대로 괜찮나? 이사장 본인 등판
2026-07-21 18:38:55,61127,899,375,국민연금 '리밸런싱' 이대로 괜찮나? 이사장 본인 등판
2026-07-21 20:26:47,61174,899,375,국민연금 '리밸런싱' 이대로 괜찮나? 이사장 본인 등판
2026-07-21 21:50:20,61175,899,375,국민연금 '리밸런싱' 이대로 괜찮나? 이사장 본인 등판
2026-07-21 23:50:37,61216,900,375,국민연금 '리밸런싱' 이대로 괜찮나? 이사장 본인 등판
2026-07-22 01:08:14,61216,900,375,국민연금 '리밸런싱' 이대로 괜찮나? 이사장 본인 등판
2026-07-22 02:40:43,61265,900,375,국민연금 '리밸런싱' 이대로 괜찮나? 이사장 본인 등판
2026-07-22 03:52:49,61265,900,375,국민연금 '리밸런싱' 이대로 괜찮나? 이사장 본인 등판
2026-07-22 05:08:33,61297,900,375,국민연금 '리밸런싱' 이대로 괜찮나? 이사장 본인 등판
2026-07-22 06:22:51,61297,900,375,국민연금 '리밸런싱' 이대로 괜찮나? 이사장 본인 등판
2026-07-22 07:15:23,61303,900,375,국민연금 '리밸런싱' 이대로 괜찮나? 이사장 본인 등판
2026-07-22 08:12:30,61324,900,375,국민연금 '리밸런싱' 이대로 괜찮나? 이사장 본인 등판
2026-07-22 09:04:50,61324,900,375,국민연금 '리밸런싱' 이대로 괜찮나? 이사장 본인 등판
2026-07-22 12:35:22,61413,900,375,국민연금 '리밸런싱' 이대로 괜찮나? 이사장 본인 등판
2026-07-22 15:12:14,61425,901,375,국민연금 '리밸런싱' 이대로 괜찮나? 이사장 본인 등판
2026-07-22 17:42:23,61508,901,375,국민연금 '리밸런싱' 이대로 괜찮나? 이사장 본인 등판
2026-07-22 19:50:09,61547,901,375,국민연금 '리밸런싱' 이대로 괜찮나? 이사장 본인 등판
2026-07-22 21:16:31,61571,901,378,국민연금 '리밸런싱' 이대로 괜찮나? 이사장 본인 등판
2026-07-22 23:23:48,61619,901,380,국민연금 '리밸런싱' 이대로 괜찮나? 이사장 본인 등판
2026-07-23 00:54:53,61628,901,380,국민연금 '리밸런싱' 이대로 괜찮나? 이사장 본인 등판
2026-07-23 02:04:38,61628,901,380,국민연금 '리밸런싱' 이대로 괜찮나? 이사장 본인 등판
2026-07-23 03:17:14,61679,901,380,국민연금 '리밸런싱' 이대로 괜찮나? 이사장 본인 등판
2026-07-23 04:46:29,61679,901,380,국민연금 '리밸런싱' 이대로 괜찮나? 이사장 본인 등판
2026-07-23 05:46:27,61679,901,380,국민연금 '리밸런싱' 이대로 괜찮나? 이사장 본인 등판
2026-07-23 06:54:30,61710,901,380,국민연금 '리밸런싱' 이대로 괜찮나? 이사장 본인 등판
2026-07-23 07:42:05,61710,901,380,국민연금 '리밸런싱' 이대로 괜찮나? 이사장 본인 등판
2026-07-23 08:38:56,61710,901,380,국민연금 '리밸런싱' 이대로 괜찮나? 이사장 본인 등판
2026-07-23 10:08:01,61738,901,381,국민연금 '리밸런싱' 이대로 괜찮나? 이사장 본인 등판
2026-07-23 13:27:39,61745,902,381,국민연금 '리밸런싱' 이대로 괜찮나? 이사장 본인 등판
2026-07-23 16:03:38,61772,902,381,국민연금 '리밸런싱' 이대로 괜찮나? 이사장 본인 등판
2026-07-23 18:30:00,61804,902,381,국민연금 '리밸런싱' 이대로 괜찮나? 이사장 본인 등판
2026-07-23 20:24:34,61843,902,381,국민연금 '리밸런싱' 이대로 괜찮나? 이사장 본인 등판
2026-07-23 21:52:51,61843,902,381,국민연금 '리밸런싱' 이대로 괜찮나? 이사장 본인 등판
2026-07-23 23:55:39,61887,902,381,국민연금 '리밸런싱' 이대로 괜찮나? 이사장 본인 등판
2026-07-24 01:19:17,61887,902,381,국민연금 '리밸런싱' 이대로 괜찮나? 이사장 본인 등판
2026-07-24 02:49:51,61925,902,381,국민연금 '리밸런싱' 이대로 괜찮나? 이사장 본인 등판
2026-07-24 03:52:08,61925,902,381,국민연금 '리밸런싱' 이대로 괜찮나? 이사장 본인 등판
2026-07-24 05:03:29,61925,902,381,국민연금 '리밸런싱' 이대로 괜찮나? 이사장 본인 등판
2026-07-24 06:15:28,61967,902,381,국민연금 '리밸런싱' 이대로 괜찮나? 이사장 본인 등판
2026-07-24 07:14:55,61967,902,381,국민연금 '리밸런싱' 이대로 괜찮나? 이사장 본인 등판
2026-07-24 08:11:28,61972,902,381,국민연금 '리밸런싱' 이대로 괜찮나? 이사장 본인 등판
2026-07-24 09:09:10,61989,902,381,국민연금 '리밸런싱' 이대로 괜찮나? 이사장 본인 등판
2026-07-24 12:37:54,62012,902,381,국민연금 '리밸런싱' 이대로 괜찮나? 이사장 본인 등판
2026-07-24 15:11:44,62029,903,381,국민연금 '리밸런싱' 이대로 괜찮나? 이사장 본인 등판
2026-07-24 17:40:28,62053,903,381,국민연금 '리밸런싱' 이대로 괜찮나? 이사장 본인 등판
2026-07-24 19:36:48,62083,904,381,국민연금 '리밸런싱' 이대로 괜찮나? 이사장 본인 등판
2026-07-24 21:04:52,62095,903,381,국민연금 '리밸런싱' 이대로 괜찮나? 이사장 본인 등판
2026-07-24 23:04:26,62121,903,381,국민연금 '리밸런싱' 이대로 괜찮나? 이사장 본인 등판
2026-07-25 00:37:09,62121,903,381,국민연금 '리밸런싱' 이대로 괜찮나? 이사장 본인 등판
2026-07-25 02:09:15,62122,903,381,국민연금 '리밸런싱' 이대로 괜찮나? 이사장 본인 등판
2026-07-25 03:43:01,62159,903,381,국민연금 '리밸런싱' 이대로 괜찮나? 이사장 본인 등판
2026-07-25 05:01:20,62157,903,381,국민연금 '리밸런싱' 이대로 괜찮나? 이사장 본인 등판
2026-07-25 06:09:26,62178,904,381,국민연금 '리밸런싱' 이대로 괜찮나? 이사장 본인 등판
2026-07-25 07:15:24,62178,904,381,국민연금 '리밸런싱' 이대로 괜찮나? 이사장 본인 등판
2026-07-25 08:16:38,62178,904,381,국민연금 '리밸런싱' 이대로 괜찮나? 이사장 본인 등판
2026-07-25 09:15:54,62191,904,381,국민연금 '리밸런싱' 이대로 괜찮나? 이사장 본인 등판
2026-07-25 12:39:10,62212,905,381,국민연금 '리밸런싱' 이대로 괜찮나? 이사장 본인 등판
2026-07-25 15:03:52,62247,905,381,국민연금 '리밸런싱' 이대로 괜찮나? 이사장 본인 등판
2026-07-25 17:19:26,62247,905,381,국민연금 '리밸런싱' 이대로 괜찮나? 이사장 본인 등판
2026-07-25 19:02:01,62299,906,381,국민연금 '리밸런싱' 이대로 괜찮나? 이사장 본인 등판
2026-07-25 20:17:49,62299,906,381,국민연금 '리밸런싱' 이대로 괜찮나? 이사장 본인 등판
2026-07-25 21:10:48,62299,906,381,국민연금 '리밸런싱' 이대로 괜찮나? 이사장 본인 등판
2026-07-25 22:59:07,62329,906,381,국민연금 '리밸런싱' 이대로 괜찮나? 이사장 본인 등판
2026-07-26 00:01:40,62329,906,381,국민연금 '리밸런싱' 이대로 괜찮나? 이사장 본인 등판
2026-07-26 01:08:29,62356,906,381,국민연금 '리밸런싱' 이대로 괜찮나? 이사장 본인 등판
2026-07-26 02:11:48,62356,906,381,국민연금 '리밸런싱' 이대로 괜찮나? 이사장 본인 등판
2026-07-26 03:05:53,62356,906,381,국민연금 '리밸런싱' 이대로 괜찮나? 이사장 본인 등판
2026-07-26 04:22:21,62384,906,381,국민연금 '리밸런싱' 이대로 괜찮나? 이사장 본인 등판
2026-07-26 05:16:22,62383,906,381,국민연금 '리밸런싱' 이대로 괜찮나? 이사장 본인 등판
2026-07-26 06:09:51,62384,906,381,국민연금 '리밸런싱' 이대로 괜찮나? 이사장 본인 등판
2026-07-26 07:06:51,62383,906,381,국민연금 '리밸런싱' 이대로 괜찮나? 이사장 본인 등판
2026-07-26 08:06:33,62383,906,381,국민연금 '리밸런싱' 이대로 괜찮나? 이사장 본인 등판
2026-07-26 09:08:51,62396,907,381,국민연금 '리밸런싱' 이대로 괜찮나? 이사장 본인 등판
2026-07-26 12:50:25,62418,907,381,국민연금 '리밸런싱' 이대로 괜찮나? 이사장 본인 등판
2026-07-26 15:25:07,62438,907,381,국민연금 '리밸런싱' 이대로 괜찮나? 이사장 본인 등판
2026-07-26 17:42:23,62450,907,381,국민연금 '리밸런싱' 이대로 괜찮나? 이사장 본인 등판
2026-07-26 19:21:58,62488,907,381,국민연금 '리밸런싱' 이대로 괜찮나? 이사장 본인 등판
2026-07-26 20:39:57,62501,907,380,국민연금 '리밸런싱' 이대로 괜찮나? 이사장 본인 등판
2026-07-26 21:42:46,62501,907,380,국민연금 '리밸런싱' 이대로 괜찮나? 이사장 본인 등판
2026-07-26 23:13:38,62525,908,380,국민연금 '리밸런싱' 이대로 괜찮나? 이사장 본인 등판
2026-07-27 00:20:31,62525,908,380,국민연금 '리밸런싱' 이대로 괜찮나? 이사장 본인 등판
2026-07-27 01:16:52,62525,908,380,국민연금 '리밸런싱' 이대로 괜찮나? 이사장 본인 등판
2026-07-27 02:17:31,62553,908,380,국민연금 '리밸런싱' 이대로 괜찮나? 이사장 본인 등판
2026-07-27 03:13:34,62553,908,380,국민연금 '리밸런싱' 이대로 괜찮나? 이사장 본인 등판
2026-07-27 04:34:16,62555,908,380,국민연금 '리밸런싱' 이대로 괜찮나? 이사장 본인 등판
2026-07-27 05:31:53,62572,908,380,국민연금 '리밸런싱' 이대로 괜찮나? 이사장 본인 등판
2026-07-27 06:28:56,62572,908,380,국민연금 '리밸런싱' 이대로 괜찮나? 이사장 본인 등판
2026-07-27 07:29:34,62572,908,380,국민연금 '리밸런싱' 이대로 괜찮나? 이사장 본인 등판
2026-07-27 08:29:09,62587,908,380,국민연금 '리밸런싱' 이대로 괜찮나? 이사장 본인 등판
2026-07-27 10:07:57,62587,908,380,국민연금 '리밸런싱' 이대로 괜찮나? 이사장 본인 등판
2026-07-27 13:48:56,62619,909,380,국민연금 '리밸런싱' 이대로 괜찮나? 이사장 본인 등판
2026-07-27 17:16:06,62647,909,380,국민연금 '리밸런싱' 이대로 괜찮나? 이사장 본인 등판
2026-07-27 20:41:12,62673,910,380,국민연금 '리밸런싱' 이대로 괜찮나? 이사장 본인 등판
2026-07-27 22:56:27,62681,910,380,국민연금 '리밸런싱' 이대로 괜찮나? 이사장 본인 등판
2026-07-28 01:09:22,62711,910,380,국민연금 '리밸런싱' 이대로 괜찮나? 이사장 본인 등판
2026-07-28 02:52:55,62712,910,380,국민연금 '리밸런싱' 이대로 괜찮나? 이사장 본인 등판
2026-07-28 04:03:37,62731,910,380,국민연금 '리밸런싱' 이대로 괜찮나? 이사장 본인 등판
2026-07-28 05:38:37,62732,910,380,국민연금 '리밸런싱' 이대로 괜찮나? 이사장 본인 등판
2026-07-28 06:44:53,62749,910,380,국민연금 '리밸런싱' 이대로 괜찮나? 이사장 본인 등판
2026-07-28 07:42:19,62749,910,380,국민연금 '리밸런싱' 이대로 괜찮나? 이사장 본인 등판
2026-07-28 08:43:44,62749,910,380,국민연금 '리밸런싱' 이대로 괜찮나? 이사장 본인 등판
2026-07-28 10:02:40,62770,910,380,국민연금 '리밸런싱' 이대로 괜찮나? 이사장 본인 등판
2026-07-28 13:16:50,62797,910,380,국민연금 '리밸런싱' 이대로 괜찮나? 이사장 본인 등판
2026-07-28 15:41:42,62797,910,380,국민연금 '리밸런싱' 이대로 괜찮나? 이사장 본인 등판
2026-07-28 18:22:06,62815,910,380,국민연금 '리밸런싱' 이대로 괜찮나? 이사장 본인 등판
2026-07-28 20:30:59,62842,911,380,국민연금 '리밸런싱' 이대로 괜찮나? 이사장 본인 등판
2026-07-28 22:11:01,62842,911,380,국민연금 '리밸런싱' 이대로 괜찮나? 이사장 본인 등판
2026-07-29 00:31:46,62868,911,380,국민연금 '리밸런싱' 이대로 괜찮나? 이사장 본인 등판
2026-07-29 02:00:45,62901,911,380,국민연금 '리밸런싱' 이대로 괜찮나? 이사장 본인 등판
2026-07-29 03:16:56,62903,911,380,국민연금 '리밸런싱' 이대로 괜찮나? 이사장 본인 등판
2026-07-29 04:54:15,62904,911,380,국민연금 '리밸런싱' 이대로 괜찮나? 이사장 본인 등판
2026-07-29 05:54:02,62919,911,380,국민연금 '리밸런싱' 이대로 괜찮나? 이사장 본인 등판
2026-07-29 06:51:49,62919,911,380,국민연금 '리밸런싱' 이대로 괜찮나? 이사장 본인 등판
2026-07-29 07:44:56,62919,911,380,국민연금 '리밸런싱' 이대로 괜찮나? 이사장 본인 등판
2026-07-29 08:41:21,62922,911,380,국민연금 '리밸런싱' 이대로 괜찮나? 이사장 본인 등판
2026-07-29 10:06:50,62924,911,380,국민연금 '리밸런싱' 이대로 괜찮나? 이사장 본인 등판
2026-07-29 13:24:13,62934,911,380,국민연금 '리밸런싱' 이대로 괜찮나? 이사장 본인 등판
2026-07-29 16:10:02,62947,911,380,국민연금 '리밸런싱' 이대로 괜찮나? 이사장 본인 등판
2026-07-29 18:47:04,62958,911,381,국민연금 '리밸런싱' 이대로 괜찮나? 이사장 본인 등판
2026-07-29 20:49:31,62958,911,381,국민연금 '리밸런싱' 이대로 괜찮나? 이사장 본인 등판
2026-07-29 22:26:19,62969,911,381,국민연금 '리밸런싱' 이대로 괜찮나? 이사장 본인 등판
2026-07-30 00:25:37,62977,911,381,국민연금 '리밸런싱' 이대로 괜찮나? 이사장 본인 등판
2026-07-30 01:44:56,62979,911,381,국민연금 '리밸런싱' 이대로 괜찮나? 이사장 본인 등판
2026-07-30 02:55:48,62985,911,381,국민연금 '리밸런싱' 이대로 괜찮나? 이사장 본인 등판
2026-07-30 03:55:58,62993,911,381,국민연금 '리밸런싱' 이대로 괜찮나? 이사장 본인 등판
2026-07-30 05:07:48,62993,911,381,국민연금 '리밸런싱' 이대로 괜찮나? 이사장 본인 등판
2026-07-30 06:09:06,62993,911,381,국민연금 '리밸런싱' 이대로 괜찮나? 이사장 본인 등판
2026-07-30 07:09:11,62999,911,381,국민연금 '리밸런싱' 이대로 괜찮나? 이사장 본인 등판
2026-07-30 08:10:50,62997,911,381,국민연금 '리밸런싱' 이대로 괜찮나? 이사장 본인 등판
2026-07-30 09:08:21,62999,911,381,국민연금 '리밸런싱' 이대로 괜찮나? 이사장 본인 등판
2026-07-30 12:20:51,63005,911,381,국민연금 '리밸런싱' 이대로 괜찮나? 이사장 본인 등판
2026-07-30 15:01:47,63010,911,381,국민연금 '리밸런싱' 이대로 괜찮나? 이사장 본인 등판
2026-07-30 17:39:39,63016,911,381,국민연금 '리밸런싱' 이대로 괜찮나? 이사장 본인 등판
2026-07-30 19:49:05,63034,911,381,국민연금 '리밸런싱' 이대로 괜찮나? 이사장 본인 등판
2026-07-30 21:16:33,63033,911,381,국민연금 '리밸런싱' 이대로 괜찮나? 이사장 본인 등판
2026-07-30 23:33:31,63043,911,381,국민연금 '리밸런싱' 이대로 괜찮나? 이사장 본인 등판
2026-07-31 01:08:41,63043,911,381,국민연금 '리밸런싱' 이대로 괜찮나? 이사장 본인 등판
2026-07-31 02:44:10,63058,911,381,국민연금 '리밸런싱' 이대로 괜찮나? 이사장 본인 등판
2026-07-31 04:00:28,63060,911,381,국민연금 '리밸런싱' 이대로 괜찮나? 이사장 본인 등판
2026-07-31 05:16:13,63060,911,381,국민연금 '리밸런싱' 이대로 괜찮나? 이사장 본인 등판
2026-07-31 06:33:15,63063,911,381,국민연금 '리밸런싱' 이대로 괜찮나? 이사장 본인 등판
2026-07-31 07:39:31,63065,911,381,국민연금 '리밸런싱' 이대로 괜찮나? 이사장 본인 등판
2026-07-31 08:38:10,63066,911,381,국민연금 '리밸런싱' 이대로 괜찮나? 이사장 본인 등판
2026-07-31 10:09:39,63068,911,381,국민연금 '리밸런싱' 이대로 괜찮나? 이사장 본인 등판
2026-07-31 13:35:04,63074,911,381,국민연금 '리밸런싱' 이대로 괜찮나? 이사장 본인 등판
2026-07-31 16:26:18,63078,911,381,국민연금 '리밸런싱' 이대로 괜찮나? 이사장 본인 등판
2026-07-31 19:03:30,63083,911,381,국민연금 '리밸런싱' 이대로 괜찮나? 이사장 본인 등판
2026-07-31 21:07:28,63084,911,381,국민연금 '리밸런싱' 이대로 괜찮나? 이사장 본인 등판
2026-07-31 23:29:44,63087,911,381,국민연금 '리밸런싱' 이대로 괜찮나? 이사장 본인 등판
2026-08-01 01:16:29,63088,911,381,국민연금 '리밸런싱' 이대로 괜찮나? 이사장 본인 등판
2026-08-01 02:53:49,63088,911,381,국민연금 '리밸런싱' 이대로 괜찮나? 이사장 본인 등판
2026-08-01 03:59:28,63089,911,381,국민연금 '리밸런싱' 이대로 괜찮나? 이사장 본인 등판
2026-08-01 05:20:31,63090,911,381,국민연금 '리밸런싱' 이대로 괜찮나? 이사장 본인 등판
2026-08-01 06:31:38,63092,911,381,국민연금 '리밸런싱' 이대로 괜찮나? 이사장 본인 등판
2026-08-01 07:33:44,63092,911,381,국민연금 '리밸런싱' 이대로 괜찮나? 이사장 본인 등판
2026-08-01 08:34:07,63092,911,381,국민연금 '리밸런싱' 이대로 괜찮나? 이사장 본인 등판
2026-08-01 10:07:20,63094,911,381,국민연금 '리밸런싱' 이대로 괜찮나? 이사장 본인 등판
2026-08-01 13:29:50,63097,911,381,국민연금 '리밸런싱' 이대로 괜찮나? 이사장 본인 등판
2026-08-01 16:02:23,63099,911,381,국민연금 '리밸런싱' 이대로 괜찮나? 이사장 본인 등판
2026-08-01 18:11:34,63099,911,381,국민연금 '리밸런싱' 이대로 괜찮나? 이사장 본인 등판
2026-08-01 19:46:58,63102,911,381,국민연금 '리밸런싱' 이대로 괜찮나? 이사장 본인 등판
2026-08-01 20:48:03,63102,911,381,국민연금 '리밸런싱' 이대로 괜찮나? 이사장 본인 등판
2026-08-01 21:41:44,63105,911,381,국민연금 '리밸런싱' 이대로 괜찮나? 이사장 본인 등판
2026-08-01 23:11:45,63105,911,381,국민연금 '리밸런싱' 이대로 괜찮나? 이사장 본인 등판
2026-08-02 00:14:47,63107,911,381,국민연금 '리밸런싱' 이대로 괜찮나? 이사장 본인 등판
2026-08-02 01:13:01,63107,911,382,국민연금 '리밸런싱' 이대로 괜찮나? 이사장 본인 등판
2026-08-02 02:13:07,63108,911,382,국민연금 '리밸런싱' 이대로 괜찮나? 이사장 본인 등판
2026-08-02 03:10:08,63109,911,382,국민연금 '리밸런싱' 이대로 괜찮나? 이사장 본인 등판
2026-08-02 04:30:15,63109,911,382,국민연금 '리밸런싱' 이대로 괜찮나? 이사장 본인 등판
2026-08-02 05:26:26,63109,911,382,국민연금 '리밸런싱' 이대로 괜찮나? 이사장 본인 등판
2026-08-02 06:21:57,63111,911,382,국민연금 '리밸런싱' 이대로 괜찮나? 이사장 본인 등판
2026-08-02 07:14:08,63111,911,382,국민연금 '리밸런싱' 이대로 괜찮나? 이사장 본인 등판
2026-08-02 08:10:30,63114,911,381,국민연금 '리밸런싱' 이대로 괜찮나? 이사장 본인 등판
2026-08-02 09:08:48,63114,911,381,국민연금 '리밸런싱' 이대로 괜찮나? 이사장 본인 등판
2026-08-02 12:47:35,63112,911,381,국민연금 '리밸런싱' 이대로 괜찮나? 이사장 본인 등판
2026-08-02 15:21:40,63115,911,381,국민연금 '리밸런싱' 이대로 괜찮나? 이사장 본인 등판
2026-08-02 17:40:08,63120,911,381,국민연금 '리밸런싱' 이대로 괜찮나? 이사장 본인 등판
2026-08-02 19:18:26,63120,911,381,국민연금 '리밸런싱' 이대로 괜찮나? 이사장 본인 등판
2026-08-02 20:36:09,63124,911,381,국민연금 '리밸런싱' 이대로 괜찮나? 이사장 본인 등판
2026-08-02 21:39:15,63124,911,381,국민연금 '리밸런싱' 이대로 괜찮나? 이사장 본인 등판
2026-08-02 23:11:53,63124,911,381,국민연금 '리밸런싱' 이대로 괜찮나? 이사장 본인 등판
2026-08-03 00:17:30,63127,911,381,국민연금 '리밸런싱' 이대로 괜찮나? 이사장 본인 등판
2026-08-03 01:14:47,63127,911,381,국민연금 '리밸런싱' 이대로 괜찮나? 이사장 본인 등판
2026-08-03 02:15:39,63128,911,381,국민연금 '리밸런싱' 이대로 괜찮나? 이사장 본인 등판
2026-08-03 03:11:41,63128,911,381,국민연금 '리밸런싱' 이대로 괜찮나? 이사장 본인 등판
2026-08-03 04:31:55,63128,911,381,국민연금 '리밸런싱' 이대로 괜찮나? 이사장 본인 등판
2026-08-03 05:29:34,63139,911,381,국민연금 '리밸런싱' 이대로 괜찮나? 이사장 본인 등판
2026-08-03 06:24:51,63137,911,381,국민연금 '리밸런싱' 이대로 괜찮나? 이사장 본인 등판
2026-08-03 07:15:24,63137,911,381,국민연금 '리밸런싱' 이대로 괜찮나? 이사장 본인 등판
2026-08-03 08:12:22,63139,911,381,국민연금 '리밸런싱' 이대로 괜찮나? 이사장 본인 등판
2026-08-03 09:11:01,63143,911,381,국민연금 '리밸런싱' 이대로 괜찮나? 이사장 본인 등판
2026-08-03 12:51:00,63144,911,381,국민연금 '리밸런싱' 이대로 괜찮나? 이사장 본인 등판
2026-08-03 15:48:33,63148,911,381,국민연금 '리밸런싱' 이대로 괜찮나? 이사장 본인 등판
2026-08-03 19:27:57,63155,911,381,국민연금 '리밸런싱' 이대로 괜찮나? 이사장 본인 등판
2026-08-03 22:23:52,63157,911,381,국민연금 '리밸런싱' 이대로 괜찮나? 이사장 본인 등판
2026-08-04 00:58:44,63159,911,381,국민연금 '리밸런싱' 이대로 괜찮나? 이사장 본인 등판
2026-08-04 02:48:57,63169,911,382,국민연금 '리밸런싱' 이대로 괜찮나? 이사장 본인 등판
2026-08-04 04:11:04,63169,911,382,국민연금 '리밸런싱' 이대로 괜찮나? 이사장 본인 등판
2026-08-04 05:38:13,63169,911,382,국민연금 '리밸런싱' 이대로 괜찮나? 이사장 본인 등판
2026-08-04 06:45:36,63172,911,382,국민연금 '리밸런싱' 이대로 괜찮나? 이사장 본인 등판
2026-08-04 07:41:42,63172,911,382,국민연금 '리밸런싱' 이대로 괜찮나? 이사장 본인 등판
2026-08-04 08:46:31,63173,911,382,국민연금 '리밸런싱' 이대로 괜찮나? 이사장 본인 등판
2026-08-04 10:07:49,63173,911,382,국민연금 '리밸런싱' 이대로 괜찮나? 이사장 본인 등판
2026-08-04 13:24:56,63173,911,382,국민연금 '리밸런싱' 이대로 괜찮나? 이사장 본인 등판
2026-08-04 16:06:06,63178,911,382,국민연금 '리밸런싱' 이대로 괜찮나? 이사장 본인 등판
2026-08-04 18:45:11,63179,911,382,국민연금 '리밸런싱' 이대로 괜찮나? 이사장 본인 등판
2026-08-04 20:49:06,63180,911,382,국민연금 '리밸런싱' 이대로 괜찮나? 이사장 본인 등판
2026-08-04 22:25:57,63185,911,382,국민연금 '리밸런싱' 이대로 괜찮나? 이사장 본인 등판
2026-08-05 00:42:53,63185,911,382,국민연금 '리밸런싱' 이대로 괜찮나? 이사장 본인 등판
2026-08-05 02:19:19,63191,911,382,국민연금 '리밸런싱' 이대로 괜찮나? 이사장 본인 등판
2026-08-05 03:57:01,63198,911,382,국민연금 '리밸런싱' 이대로 괜찮나? 이사장 본인 등판
2026-08-05 05:20:00,63198,911,382,국민연금 '리밸런싱' 이대로 괜찮나? 이사장 본인 등판
2026-08-05 06:40:25,63198,911,382,국민연금 '리밸런싱' 이대로 괜찮나? 이사장 본인 등판
2026-08-05 07:41:44,63198,911,382,국민연금 '리밸런싱' 이대로 괜찮나? 이사장 본인 등판
2026-08-05 08:40:48,63203,911,382,국민연금 '리밸런싱' 이대로 괜찮나? 이사장 본인 등판
2026-08-05 10:02:10,63203,911,382,국민연금 '리밸런싱' 이대로 괜찮나? 이사장 본인 등판
2026-08-05 13:17:04,63209,911,382,국민연금 '리밸런싱' 이대로 괜찮나? 이사장 본인 등판
2026-08-05 15:43:25,63218,911,382,국민연금 '리밸런싱' 이대로 괜찮나? 이사장 본인 등판
2026-08-05 18:23:59,63218,911,382,국민연금 '리밸런싱' 이대로 괜찮나? 이사장 본인 등판
2026-08-05 20:33:35,63224,911,382,국민연금 '리밸런싱' 이대로 괜찮나? 이사장 본인 등판
2026-08-05 22:14:28,63227,911,382,국민연금 '리밸런싱' 이대로 괜찮나? 이사장 본인 등판
2026-08-06 00:27:24,63234,911,382,국민연금 '리밸런싱' 이대로 괜찮나? 이사장 본인 등판
2026-08-06 01:58:54,63235,911,382,국민연금 '리밸런싱' 이대로 괜찮나? 이사장 본인 등판
2026-08-06 03:20:23,63235,911,382,국민연금 '리밸런싱' 이대로 괜찮나? 이사장 본인 등판
2026-08-06 04:58:53,63244,911,382,국민연금 '리밸런싱' 이대로 괜찮나? 이사장 본인 등판
2026-08-06 06:05:06,63244,911,382,국민연금 '리밸런싱' 이대로 괜찮나? 이사장 본인 등판
2026-08-06 07:17:00,63249,911,382,국민연금 '리밸런싱' 이대로 괜찮나? 이사장 본인 등판
2026-08-06 08:18:21,63249,911,382,국민연금 '리밸런싱' 이대로 괜찮나? 이사장 본인 등판
2026-08-06 09:12:06,63251,911,382,국민연금 '리밸런싱' 이대로 괜찮나? 이사장 본인 등판
2026-08-06 12:33:57,63254,912,382,국민연금 '리밸런싱' 이대로 괜찮나? 이사장 본인 등판
2026-08-06 15:12:09,63260,912,382,국민연금 '리밸런싱' 이대로 괜찮나? 이사장 본인 등판
2026-08-06 17:51:41,63267,912,382,국민연금 '리밸런싱' 이대로 괜찮나? 이사장 본인 등판
2026-08-06 20:09:05,63274,912,382,국민연금 '리밸런싱' 이대로 괜찮나? 이사장 본인 등판
2026-08-06 22:01:59,63274,912,382,국민연금 '리밸런싱' 이대로 괜찮나? 이사장 본인 등판
2026-08-07 00:20:23,63281,912,382,국민연금 '리밸런싱' 이대로 괜찮나? 이사장 본인 등판
2026-08-07 09:26:35,63294,912,382,국민연금 '리밸런싱' 이대로 괜찮나? 이사장 본인 등판
2026-08-07 12:24:27,63296,911,382,국민연금 '리밸런싱' 이대로 괜찮나? 이사장 본인 등판
2026-08-07 14:08:54,63296,911,382,국민연금 '리밸런싱' 이대로 괜찮나? 이사장 본인 등판
2026-08-07 15:15:14,63296,911,382,국민연금 '리밸런싱' 이대로 괜찮나? 이사장 본인 등판
2026-08-07 16:41:35,63298,911,382,국민연금 '리밸런싱' 이대로 괜찮나? 이사장 본인 등판
2026-08-07 17:38:11,63298,911,382,국민연금 '리밸런싱' 이대로 괜찮나? 이사장 본인 등판
2026-08-07 18:36:46,63298,911,382,국민연금 '리밸런싱' 이대로 괜찮나? 이사장 본인 등판
2026-08-07 19:29:22,63303,911,382,국민연금 '리밸런싱' 이대로 괜찮나? 이사장 본인 등판
2026-08-07 20:21:36,63303,911,382,국민연금 '리밸런싱' 이대로 괜찮나? 이사장 본인 등판
2026-08-07 21:01:37,63303,911,382,국민연금 '리밸런싱' 이대로 괜찮나? 이사장 본인 등판
2026-08-07 22:17:35,63308,911,382,국민연금 '리밸런싱' 이대로 괜찮나? 이사장 본인 등판
2026-08-07 23:19:50,63308,911,382,국민연금 '리밸런싱' 이대로 괜찮나? 이사장 본인 등판
2026-08-08 00:12:14,63308,911,382,국민연금 '리밸런싱' 이대로 괜찮나? 이사장 본인 등판
2026-08-08 01:07:27,63308,911,382,국민연금 '리밸런싱' 이대로 괜찮나? 이사장 본인 등판
2026-08-08 02:03:23,63312,911,382,국민연금 '리밸런싱' 이대로 괜찮나? 이사장 본인 등판
2026-08-08 02:54:29,63312,911,382,국민연금 '리밸런싱' 이대로 괜찮나? 이사장 본인 등판
2026-08-08 03:34:15,63312,911,382,국민연금 '리밸런싱' 이대로 괜찮나? 이사장 본인 등판
2026-08-08 04:34:27,63313,911,382,국민연금 '리밸런싱' 이대로 괜찮나? 이사장 본인 등판
2026-08-08 05:09:18,63313,911,382,국민연금 '리밸런싱' 이대로 괜찮나? 이사장 본인 등판
2026-08-08 05:54:38,63313,911,382,국민연금 '리밸런싱' 이대로 괜찮나? 이사장 본인 등판
2026-08-08 06:25:19,63313,911,382,국민연금 '리밸런싱' 이대로 괜찮나? 이사장 본인 등판
2026-08-08 07:02:25,63315,911,382,국민연금 '리밸런싱' 이대로 괜찮나? 이사장 본인 등판
2026-08-08 07:46:47,63313,911,382,국민연금 '리밸런싱' 이대로 괜찮나? 이사장 본인 등판
2026-08-08 08:18:46,63315,911,382,국민연금 '리밸런싱' 이대로 괜찮나? 이사장 본인 등판
2026-08-08 08:50:14,63316,911,382,국민연금 '리밸런싱' 이대로 괜찮나? 이사장 본인 등판
2026-08-08 09:34:33,63315,911,382,국민연금 '리밸런싱' 이대로 괜찮나? 이사장 본인 등판
2026-08-08 11:30:28,63318,911,382,국민연금 '리밸런싱' 이대로 괜찮나? 이사장 본인 등판
2026-08-08 12:50:28,63322,911,382,국민연금 '리밸런싱' 이대로 괜찮나? 이사장 본인 등판
